timestamp,log_id,category,severity,entity_id,agent_status,message
2026-04-27T19:59:32.540693,e4fb77e8,JOB,ERROR,FI_GL_RECONCILE,N/A,Execution Terminated: Timeout reading from remote RFC destination.
2026-04-27T19:59:32.543384,53522f3b,USER,SUCCESS,asmith,FIXED,Agent unlocked user asmith
2026-04-27T19:59:32.546522,53a942a2,AGENT,INFO,X1,WORKING,hi
2026-04-27T19:59:32.550713,28a5ad8e,DISK,ERROR,/usr/sap,N/A,Disk usage increased to 100.0% on mount /usr/sap
2026-04-27T19:59:32.552369,d92c0974,DISK,ERROR,/usr/sap,N/A,Disk usage increased to 100.0% on mount /usr/sap
2026-04-27T19:59:32.690572,a4413f88,AGENT,INFO,SYSTEM,WORKING,Agent action registered.
2026-04-27T20:30:04.483534,a524a96d,JOB,ERROR,FI_GL_RECONCILE,N/A,Execution Terminated: Memory allocation failed in heap.
2026-04-27T20:30:04.485386,70ae46c7,USER,SUCCESS,asmith,FIXED,Agent unlocked user asmith
2026-04-27T20:30:04.487092,86c81f49,AGENT,INFO,CORE,WORKING,Investigating
2026-04-27T20:30:04.488807,6c5ae66b,DISK,INFO,/tmp,N/A,Disk usage increased to 58.4% on mount /tmp
2026-04-27T20:30:04.489685,8d223999,DISK,INFO,/tmp,N/A,Disk usage increased to 63.4% on mount /tmp
2026-04-27T20:30:04.490831,27015709,DISK,INFO,/tmp,N/A,Disk usage increased to 68.4% on mount /tmp
2026-04-27T20:30:04.492031,2fd0779d,DISK,INFO,/tmp,N/A,Disk usage increased to 73.4% on mount /tmp
2026-04-27T20:30:04.493406,e0023551,DISK,ERROR,/tmp,N/A,Disk usage increased to 78.4% on mount /tmp
2026-04-27T20:30:04.494348,6e68a6a4,DISK,ERROR,/tmp,N/A,Disk usage increased to 83.4% on mount /tmp
2026-04-27T20:30:04.495760,2e69d58d,DISK,ERROR,/tmp,N/A,Disk usage increased to 88.4% on mount /tmp
2026-04-27T20:30:04.496774,2dc232c8,DISK,ERROR,/tmp,N/A,Disk usage increased to 93.4% on mount /tmp
2026-04-27T20:30:04.497601,18fae656,DISK,ERROR,/tmp,N/A,Disk usage increased to 98.4% on mount /tmp
2026-04-27T20:30:04.498898,cadc1b2f,DISK,ERROR,/tmp,N/A,Disk usage increased to 100.0% on mount /tmp
2026-04-27T20:30:04.499924,7a96cc02,DISK,ERROR,/tmp,N/A,Disk usage increased to 100.0% on mount /tmp
2026-04-27T20:30:04.501623,b9a38004,DISK,ERROR,/tmp,N/A,Disk usage increased to 100.0% on mount /tmp
2026-04-27T20:30:04.502529,cb2863f7,DISK,ERROR,/tmp,N/A,Disk usage increased to 100.0% on mount /tmp
2026-04-27T20:30:04.503870,2e6dd3a3,DISK,ERROR,/tmp,N/A,Disk usage increased to 100.0% on mount /tmp
2026-04-27T20:30:04.504722,2a69bc73,DISK,ERROR,/tmp,N/A,Disk usage increased to 100.0% on mount /tmp
2026-04-27T20:30:04.505570,ca52e877,DISK,ERROR,/tmp,N/A,Disk usage increased to 100.0% on mount /tmp
2026-04-27T20:30:04.506493,1911f206,DISK,ERROR,/tmp,N/A,Disk usage increased to 100.0% on mount /tmp
2026-04-27T20:30:04.507402,8c17027a,DISK,ERROR,/tmp,N/A,Disk usage increased to 100.0% on mount /tmp
2026-04-27T20:30:04.508354,41b490c5,DISK,ERROR,/tmp,N/A,Disk usage increased to 100.0% on mount /tmp
2026-04-27T20:30:04.509357,0412d866,DISK,ERROR,/tmp,N/A,Disk usage increased to 100.0% on mount /tmp
2026-04-27T20:30:04.510267,0464e6af,DISK,ERROR,/tmp,N/A,Disk usage increased to 100.0% on mount /tmp
2026-04-27T20:30:04.511165,9ee706ce,DISK,ERROR,/tmp,N/A,Disk usage increased to 100.0% on mount /tmp
2026-04-27T20:30:04.512060,e997c958,DISK,ERROR,/tmp,N/A,Disk usage increased to 100.0% on mount /tmp
2026-04-27T20:30:04.513097,9e2c7704,DISK,ERROR,/tmp,N/A,Disk usage increased to 100.0% on mount /tmp
2026-04-27T20:30:04.513942,a704ed26,DISK,ERROR,/tmp,N/A,Disk usage increased to 100.0% on mount /tmp
2026-04-27T20:30:04.514826,5944c85f,DISK,ERROR,/tmp,N/A,Disk usage increased to 100.0% on mount /tmp
2026-04-27T20:30:04.515680,ed6e18da,DISK,ERROR,/tmp,N/A,Disk usage increased to 100.0% on mount /tmp
2026-04-27T20:30:04.516957,e340542e,DISK,ERROR,/tmp,N/A,Disk usage increased to 100.0% on mount /tmp
2026-04-27T20:30:04.517786,3c74efff,DISK,ERROR,/tmp,N/A,Disk usage increased to 100.0% on mount /tmp
2026-04-27T20:30:04.518835,5ac37bef,DISK,ERROR,/tmp,N/A,Disk usage increased to 100.0% on mount /tmp
2026-04-27T20:30:04.520037,42ff6bb8,DISK,ERROR,/tmp,N/A,Disk usage increased to 100.0% on mount /tmp
2026-04-27T20:30:04.520970,ebfa9fc0,DISK,ERROR,/tmp,N/A,Disk usage increased to 100.0% on mount /tmp
2026-04-27T20:30:04.521806,f016ad39,DISK,ERROR,/tmp,N/A,Disk usage increased to 100.0% on mount /tmp
2026-04-27T20:30:04.522683,61946484,DISK,ERROR,/tmp,N/A,Disk usage increased to 100.0% on mount /tmp
2026-04-27T20:30:04.523575,6c48bc1b,DISK,ERROR,/tmp,N/A,Disk usage increased to 100.0% on mount /tmp
2026-04-27T20:30:04.524515,727ed5ec,DISK,ERROR,/tmp,N/A,Disk usage increased to 100.0% on mount /tmp
2026-04-27T20:30:04.525372,c8e825b0,DISK,ERROR,/tmp,N/A,Disk usage increased to 100.0% on mount /tmp
2026-04-27T20:30:04.526797,7ce1b2ed,DISK,ERROR,/tmp,N/A,Disk usage increased to 100.0% on mount /tmp
2026-04-27T20:30:04.527844,44e8c417,DISK,ERROR,/tmp,N/A,Disk usage increased to 100.0% on mount /tmp
2026-04-27T20:30:04.528932,3b1ff515,DISK,ERROR,/tmp,N/A,Disk usage increased to 100.0% on mount /tmp
2026-04-27T20:30:04.529888,b5d44f5e,DISK,ERROR,/tmp,N/A,Disk usage increased to 100.0% on mount /tmp
2026-04-27T20:30:04.530896,33d8c9c1,DISK,ERROR,/tmp,N/A,Disk usage increased to 100.0% on mount /tmp
2026-04-27T20:30:04.531912,a249205d,DISK,ERROR,/tmp,N/A,Disk usage increased to 100.0% on mount /tmp
2026-04-27T20:30:04.532859,9c25f5e8,DISK,ERROR,/tmp,N/A,Disk usage increased to 100.0% on mount /tmp
2026-04-27T20:30:04.533698,b48f2b4b,DISK,ERROR,/tmp,N/A,Disk usage increased to 100.0% on mount /tmp
2026-04-27T20:30:04.534647,85bba933,DISK,ERROR,/tmp,N/A,Disk usage increased to 100.0% on mount /tmp
2026-04-27T20:30:04.535583,1a6bbca8,DISK,ERROR,/tmp,N/A,Disk usage increased to 100.0% on mount /tmp
2026-04-27T20:30:04.536518,547a1c6c,DISK,ERROR,/tmp,N/A,Disk usage increased to 100.0% on mount /tmp
2026-04-27T20:30:04.537464,13615779,DISK,ERROR,/tmp,N/A,Disk usage increased to 100.0% on mount /tmp
2026-04-27T20:30:04.538398,4caf094e,DISK,ERROR,/tmp,N/A,Disk usage increased to 100.0% on mount /tmp
2026-04-27T20:30:04.540172,2d9ece03,TEST,INFO,E0,N/A,msg
2026-04-27T20:30:04.540923,137e2d0f,TEST,INFO,E1,N/A,msg
2026-04-27T20:30:04.541534,639d195f,TEST,INFO,E2,N/A,msg
2026-04-27T20:30:04.542221,a8bd9407,TEST,INFO,E3,N/A,msg
2026-04-27T20:30:04.542850,f324f6c1,TEST,INFO,E4,N/A,msg
2026-04-27T20:30:04.543550,97c3d1eb,TEST,INFO,E5,N/A,msg
2026-04-27T20:30:04.544287,a2debf93,TEST,INFO,E6,N/A,msg
2026-04-27T20:30:04.545089,50f0e677,TEST,INFO,E7,N/A,msg
2026-04-27T20:30:04.545789,120c1f48,TEST,INFO,E8,N/A,msg
2026-04-27T20:30:04.546655,c0283087,TEST,INFO,E9,N/A,msg
2026-04-27T20:30:04.547418,be7cb348,TEST,INFO,E10,N/A,msg
2026-04-27T20:30:04.548310,39d89722,TEST,INFO,E11,N/A,msg
2026-04-27T20:30:04.548952,fc79b958,TEST,INFO,E12,N/A,msg
2026-04-27T20:30:04.549638,a4697da3,TEST,INFO,E13,N/A,msg
2026-04-27T20:30:04.550358,d0588506,TEST,INFO,E14,N/A,msg
2026-04-27T20:30:04.551194,202f0ad8,TEST,INFO,E15,N/A,msg
2026-04-27T20:30:04.551952,0d33c1f1,TEST,INFO,E16,N/A,msg
2026-04-27T20:30:04.552726,b93b8180,TEST,INFO,E17,N/A,msg
2026-04-27T20:30:04.553634,a11f77da,TEST,INFO,E18,N/A,msg
2026-04-27T20:30:04.554296,f081004b,TEST,INFO,E19,N/A,msg
2026-04-27T20:30:04.555182,51d42305,TEST,INFO,E20,N/A,msg
2026-04-27T20:30:04.556033,2eb330b6,TEST,INFO,E21,N/A,msg
2026-04-27T20:30:04.556815,cd1120ef,TEST,INFO,E22,N/A,msg
2026-04-27T20:30:04.557929,effaf73a,TEST,INFO,E23,N/A,msg
2026-04-27T20:30:04.558728,9883effe,TEST,INFO,E24,N/A,msg
2026-04-27T20:30:04.559510,10218282,TEST,INFO,E25,N/A,msg
2026-04-27T20:30:04.560344,c18e0a83,TEST,INFO,E26,N/A,msg
2026-04-27T20:30:04.561075,8d5fb193,TEST,INFO,E27,N/A,msg
2026-04-27T20:30:04.561805,972b36c8,TEST,INFO,E28,N/A,msg
2026-04-27T20:30:04.562619,b439e29b,TEST,INFO,E29,N/A,msg
2026-04-27T20:30:04.563273,1e1f555d,TEST,INFO,E30,N/A,msg
2026-04-27T20:30:04.564332,2a0ab580,TEST,INFO,E31,N/A,msg
2026-04-27T20:30:04.565269,d0137054,TEST,INFO,E32,N/A,msg
2026-04-27T20:30:04.565951,38f1d63f,TEST,INFO,E33,N/A,msg
2026-04-27T20:30:04.567651,2758cf72,TEST,INFO,E34,N/A,msg
2026-04-27T20:30:04.568470,0102de3d,TEST,INFO,E35,N/A,msg
2026-04-27T20:30:04.569347,8c349e52,TEST,INFO,E36,N/A,msg
2026-04-27T20:30:04.569999,e86f226f,TEST,INFO,E37,N/A,msg
2026-04-27T20:30:04.570721,92919335,TEST,INFO,E38,N/A,msg
2026-04-27T20:30:04.571430,8b00e834,TEST,INFO,E39,N/A,msg
2026-04-27T20:30:04.572089,d8a93640,TEST,INFO,E40,N/A,msg
2026-04-27T20:30:04.572905,89f50932,TEST,INFO,E41,N/A,msg
2026-04-27T20:30:04.573802,2ac7f973,TEST,INFO,E42,N/A,msg
2026-04-27T20:30:04.574828,9f3fd6b1,TEST,INFO,E43,N/A,msg
2026-04-27T20:30:04.575676,982a6872,TEST,INFO,E44,N/A,msg
2026-04-27T20:30:04.576516,fe16fa15,TEST,INFO,E45,N/A,msg
2026-04-27T20:30:04.577239,44cc19b4,TEST,INFO,E46,N/A,msg
2026-04-27T20:30:04.578194,32784b0d,TEST,INFO,E47,N/A,msg
2026-04-27T20:30:04.579236,44a2bde6,TEST,INFO,E48,N/A,msg
2026-04-27T20:30:04.580130,f02b7379,TEST,INFO,E49,N/A,msg
2026-04-27T20:30:04.580952,4fd738e5,TEST,INFO,E50,N/A,msg
2026-04-27T20:30:04.581778,25d944c8,TEST,INFO,E51,N/A,msg
2026-04-27T20:30:04.582693,4461a010,TEST,INFO,E52,N/A,msg
2026-04-27T20:30:04.583515,f3912b68,TEST,INFO,E53,N/A,msg
2026-04-27T20:30:04.584475,ba398232,TEST,INFO,E54,N/A,msg
2026-04-27T20:30:04.585343,7d5c2674,TEST,INFO,E55,N/A,msg
2026-04-27T20:30:04.586088,4eb60078,TEST,INFO,E56,N/A,msg
2026-04-27T20:30:04.587013,e2a69dd9,TEST,INFO,E57,N/A,msg
2026-04-27T20:30:04.588282,1c0540e4,TEST,INFO,E58,N/A,msg
2026-04-27T20:30:04.589045,5b3a3d00,TEST,INFO,E59,N/A,msg
2026-04-27T20:30:04.589710,e831ff17,TEST,INFO,E60,N/A,msg
2026-04-27T20:30:04.590607,d0cb6899,TEST,INFO,E61,N/A,msg
2026-04-27T20:30:04.591527,7dc22e8c,TEST,INFO,E62,N/A,msg
2026-04-27T20:30:04.592415,56473e27,TEST,INFO,E63,N/A,msg
2026-04-27T20:30:04.593341,be1c0083,TEST,INFO,E64,N/A,msg
2026-04-27T20:30:04.594183,28ffb309,TEST,INFO,E65,N/A,msg
2026-04-27T20:30:04.594954,5a1d5ec6,TEST,INFO,E66,N/A,msg
2026-04-27T20:30:04.596113,27326241,TEST,INFO,E67,N/A,msg
2026-04-27T20:30:04.597399,51f2be10,TEST,INFO,E68,N/A,msg
2026-04-27T20:30:04.598311,6aa5965a,TEST,INFO,E69,N/A,msg
2026-04-27T20:30:04.599107,3bb6a760,TEST,INFO,E70,N/A,msg
2026-04-27T20:30:04.599861,832012b6,TEST,INFO,E71,N/A,msg
2026-04-27T20:30:04.600619,2d892de5,TEST,INFO,E72,N/A,msg
2026-04-27T20:30:04.601813,be7e1892,TEST,INFO,E73,N/A,msg
2026-04-27T20:30:04.603020,9d918dbb,TEST,INFO,E74,N/A,msg
2026-04-27T20:30:04.603974,fbdf4ee4,TEST,INFO,E75,N/A,msg
2026-04-27T20:30:04.604718,2e20b9c7,TEST,INFO,E76,N/A,msg
2026-04-27T20:30:04.605898,b5faac8e,TEST,INFO,E77,N/A,msg
2026-04-27T20:30:04.606739,433f4ce2,TEST,INFO,E78,N/A,msg
2026-04-27T20:30:04.607699,fc471e6c,TEST,INFO,E79,N/A,msg
2026-04-27T20:30:04.608798,4a7e034e,TEST,INFO,E80,N/A,msg
2026-04-27T20:30:04.610300,833ebd4a,TEST,INFO,E81,N/A,msg
2026-04-27T20:30:04.611232,31c4311b,TEST,INFO,E82,N/A,msg
2026-04-27T20:30:04.612052,12d38fe4,TEST,INFO,E83,N/A,msg
2026-04-27T20:30:04.612887,8d60747d,TEST,INFO,E84,N/A,msg
2026-04-27T20:30:04.613735,558ca5ca,TEST,INFO,E85,N/A,msg
2026-04-27T20:30:04.614453,bd2dfc05,TEST,INFO,E86,N/A,msg
2026-04-27T20:30:04.615474,80d812ca,TEST,INFO,E87,N/A,msg
2026-04-27T20:30:04.616576,2c65fe9a,TEST,INFO,E88,N/A,msg
2026-04-27T20:30:04.617548,f2f07516,TEST,INFO,E89,N/A,msg
2026-04-27T20:30:04.618320,7058dda6,TEST,INFO,E90,N/A,msg
2026-04-27T20:30:04.619289,1661ede3,TEST,INFO,E91,N/A,msg
2026-04-27T20:30:04.620561,408f6789,TEST,INFO,E92,N/A,msg
2026-04-27T20:30:04.621546,5c6c007b,TEST,INFO,E93,N/A,msg
2026-04-27T20:30:04.622424,178ddc64,TEST,INFO,E94,N/A,msg
2026-04-27T20:30:04.623419,7411a38f,TEST,INFO,E95,N/A,msg
2026-04-27T20:30:04.624128,31efe8e7,TEST,INFO,E96,N/A,msg
2026-04-27T20:30:04.624924,768f91ac,TEST,INFO,E97,N/A,msg
2026-04-27T20:30:04.625655,cf4f8da0,TEST,INFO,E98,N/A,msg
2026-04-27T20:30:04.626383,706edd62,TEST,INFO,E99,N/A,msg
2026-04-27T20:30:04.627208,bc8f0f00,TEST,INFO,E100,N/A,msg
2026-04-27T20:30:04.628074,3fdcf6e2,TEST,INFO,E101,N/A,msg
2026-04-27T20:30:04.629169,ca3a0630,TEST,INFO,E102,N/A,msg
2026-04-27T20:30:04.629966,9ed45283,TEST,INFO,E103,N/A,msg
2026-04-27T20:30:04.630720,586e93cd,TEST,INFO,E104,N/A,msg
2026-04-27T20:30:04.631681,a1b930d7,TEST,INFO,E105,N/A,msg
2026-04-27T20:30:04.632470,5310db23,TEST,INFO,E106,N/A,msg
2026-04-27T20:30:04.633263,be3189d1,TEST,INFO,E107,N/A,msg
2026-04-27T20:30:04.634079,5f0de54b,TEST,INFO,E108,N/A,msg
2026-04-27T20:30:04.634849,58382967,TEST,INFO,E109,N/A,msg
2026-04-27T20:30:04.635603,8ffa07b4,TEST,INFO,E110,N/A,msg
2026-04-27T20:30:04.636384,f0f10833,TEST,INFO,E111,N/A,msg
2026-04-27T20:30:04.637124,4d6897bf,TEST,INFO,E112,N/A,msg
2026-04-27T20:30:04.638070,eb855c73,TEST,INFO,E113,N/A,msg
2026-04-27T20:30:04.639073,85b6b5e5,TEST,INFO,E114,N/A,msg
2026-04-27T20:30:04.640139,bebca82d,TEST,INFO,E115,N/A,msg
2026-04-27T20:30:04.641680,74e0b9e2,TEST,INFO,E116,N/A,msg
2026-04-27T20:30:04.642577,96ccc90d,TEST,INFO,E117,N/A,msg
2026-04-27T20:30:04.643418,9658626b,TEST,INFO,E118,N/A,msg
2026-04-27T20:30:04.644671,47d083f7,TEST,INFO,E119,N/A,msg
2026-04-27T20:30:04.645446,23aef689,TEST,INFO,E120,N/A,msg
2026-04-27T20:30:04.646254,a692c096,TEST,INFO,E121,N/A,msg
2026-04-27T20:30:04.647030,3a60c974,TEST,INFO,E122,N/A,msg
2026-04-27T20:30:04.647826,98e83bca,TEST,INFO,E123,N/A,msg
2026-04-27T20:30:04.648619,6c690d57,TEST,INFO,E124,N/A,msg
2026-04-27T20:30:04.649505,51e06019,TEST,INFO,E125,N/A,msg
2026-04-27T20:30:04.650306,e8a3712b,TEST,INFO,E126,N/A,msg
2026-04-27T20:30:04.651149,f0ea6470,TEST,INFO,E127,N/A,msg
2026-04-27T20:30:04.651968,d47bdb61,TEST,INFO,E128,N/A,msg
2026-04-27T20:30:04.652774,726674cc,TEST,INFO,E129,N/A,msg
2026-04-27T20:30:04.653534,957621c7,TEST,INFO,E130,N/A,msg
2026-04-27T20:30:04.654562,51ed1ea9,TEST,INFO,E131,N/A,msg
2026-04-27T20:30:04.655749,775aa8fd,TEST,INFO,E132,N/A,msg
2026-04-27T20:30:04.656895,6d5291d3,TEST,INFO,E133,N/A,msg
2026-04-27T20:30:04.658325,d7822c47,TEST,INFO,E134,N/A,msg
2026-04-27T20:30:04.659339,a0137cfe,TEST,INFO,E135,N/A,msg
2026-04-27T20:30:04.660325,08c47a90,TEST,INFO,E136,N/A,msg
2026-04-27T20:30:04.661168,1d828d06,TEST,INFO,E137,N/A,msg
2026-04-27T20:30:04.662056,e1593dd6,TEST,INFO,E138,N/A,msg
2026-04-27T20:30:04.663115,18793bab,TEST,INFO,E139,N/A,msg
2026-04-27T20:30:04.664003,19ce5feb,TEST,INFO,E140,N/A,msg
2026-04-27T20:30:04.664825,08378c2f,TEST,INFO,E141,N/A,msg
2026-04-27T20:30:04.665752,d6b4e163,TEST,INFO,E142,N/A,msg
2026-04-27T20:30:04.667013,0991be9e,TEST,INFO,E143,N/A,msg
2026-04-27T20:30:04.667829,e9fdee3e,TEST,INFO,E144,N/A,msg
2026-04-27T20:30:04.668739,ec74db07,TEST,INFO,E145,N/A,msg
2026-04-27T20:30:04.669797,7dd335b7,TEST,INFO,E146,N/A,msg
2026-04-27T20:30:04.670701,42a7a058,TEST,INFO,E147,N/A,msg
2026-04-27T20:30:04.671572,d55ef3a6,TEST,INFO,E148,N/A,msg
2026-04-27T20:30:04.672868,b2eea49d,TEST,INFO,E149,N/A,msg
2026-04-27T20:30:04.676080,776a7bce,CERT,WARNING,sap-prod.company.com,N/A,Certificate MANUAL_EXPIRE - sap-prod.company.com set to expire soon.
2026-04-27T20:30:04.677321,28cfc98f,CERT,SUCCESS,sap-prod.company.com,FIXED,Agent auto-renewed certificate for sap-prod.company.com.
2026-04-27T20:36:11.183936,cb56d127,JOB,ERROR,FI_GL_RECONCILE,N/A,Execution Terminated: Timeout reading from remote RFC destination.
2026-04-27T20:36:11.186464,32367ba6,USER,SUCCESS,asmith,FIXED,Agent unlocked user asmith
2026-04-27T20:36:11.188672,ca334ff5,AGENT,INFO,BATCH_PAYROLL_RUN,WORKING,Investigating
2026-04-27T20:36:11.190844,9f1612fb,DISK,INFO,/tmp,N/A,Disk usage increased to 58.4% on mount /tmp
2026-04-27T20:36:11.192382,4e7f64f9,DISK,INFO,/tmp,N/A,Disk usage increased to 63.4% on mount /tmp
2026-04-27T20:36:11.194264,958868bb,DISK,INFO,/tmp,N/A,Disk usage increased to 68.4% on mount /tmp
2026-04-27T20:36:11.196640,fd43f9a4,DISK,INFO,/tmp,N/A,Disk usage increased to 73.4% on mount /tmp
2026-04-27T20:36:11.198435,4169a1ae,DISK,ERROR,/tmp,N/A,Disk usage increased to 78.4% on mount /tmp
2026-04-27T20:36:11.199970,3a202089,DISK,ERROR,/tmp,N/A,Disk usage increased to 83.4% on mount /tmp
2026-04-27T20:36:11.201240,050d52c5,DISK,ERROR,/tmp,N/A,Disk usage increased to 88.4% on mount /tmp
2026-04-27T20:36:11.202604,6936fb16,DISK,ERROR,/tmp,N/A,Disk usage increased to 93.4% on mount /tmp
2026-04-27T20:36:11.204108,5efe3ad5,DISK,ERROR,/tmp,N/A,Disk usage increased to 98.4% on mount /tmp
2026-04-27T20:36:11.205930,1efd5fa1,DISK,ERROR,/tmp,N/A,Disk usage increased to 100.0% on mount /tmp
2026-04-27T20:36:11.207483,de84f439,DISK,ERROR,/tmp,N/A,Disk usage increased to 100.0% on mount /tmp
2026-04-27T20:36:11.209013,d286f45d,DISK,ERROR,/tmp,N/A,Disk usage increased to 100.0% on mount /tmp
2026-04-27T20:36:11.211154,8cb5bda2,DISK,ERROR,/tmp,N/A,Disk usage increased to 100.0% on mount /tmp
2026-04-27T20:36:11.213079,a0da2c47,DISK,ERROR,/tmp,N/A,Disk usage increased to 100.0% on mount /tmp
2026-04-27T20:36:11.214630,893b94eb,DISK,ERROR,/tmp,N/A,Disk usage increased to 100.0% on mount /tmp
2026-04-27T20:36:11.216182,d7d76ad1,DISK,ERROR,/tmp,N/A,Disk usage increased to 100.0% on mount /tmp
2026-04-27T20:36:11.217732,1f47cb72,DISK,ERROR,/tmp,N/A,Disk usage increased to 100.0% on mount /tmp
2026-04-27T20:36:11.219074,d7b0b115,DISK,ERROR,/tmp,N/A,Disk usage increased to 100.0% on mount /tmp
2026-04-27T20:36:11.220404,1f600f8f,DISK,ERROR,/tmp,N/A,Disk usage increased to 100.0% on mount /tmp
2026-04-27T20:36:11.221702,077e3615,DISK,ERROR,/tmp,N/A,Disk usage increased to 100.0% on mount /tmp
2026-04-27T20:36:11.223723,134ccf60,TEST,INFO,E0,N/A,msg
2026-04-27T20:36:11.224862,71e7fc96,TEST,INFO,E1,N/A,msg
2026-04-27T20:36:11.227529,42461ac4,TEST,INFO,E2,N/A,msg
2026-04-27T20:36:11.229268,cf49959b,TEST,INFO,E3,N/A,msg
2026-04-27T20:36:11.231857,498e6aa6,TEST,INFO,E4,N/A,msg
2026-04-27T20:36:11.233124,7b0f3c27,TEST,INFO,E5,N/A,msg
2026-04-27T20:36:11.234096,c8703d14,TEST,INFO,E6,N/A,msg
2026-04-27T20:36:11.235699,19fb3762,TEST,INFO,E7,N/A,msg
2026-04-27T20:36:11.236997,80533f19,TEST,INFO,E8,N/A,msg
2026-04-27T20:36:11.238274,49af71b2,TEST,INFO,E9,N/A,msg
2026-04-27T20:36:11.239469,4ecf0dfd,TEST,INFO,E10,N/A,msg
2026-04-27T20:36:11.240708,08416499,TEST,INFO,E11,N/A,msg
2026-04-27T20:36:11.241635,7c63453a,TEST,INFO,E12,N/A,msg
2026-04-27T20:36:11.243200,fc1cb99f,TEST,INFO,E13,N/A,msg
2026-04-27T20:36:11.244997,cd97a085,TEST,INFO,E14,N/A,msg
2026-04-27T20:36:11.246424,754847f3,TEST,INFO,E15,N/A,msg
2026-04-27T20:36:11.247963,67942bac,TEST,INFO,E16,N/A,msg
2026-04-27T20:36:11.249790,ef9c270f,TEST,INFO,E17,N/A,msg
2026-04-27T20:36:11.250840,44d3033e,TEST,INFO,E18,N/A,msg
2026-04-27T20:36:11.251763,0671d3a1,TEST,INFO,E19,N/A,msg
2026-04-27T20:36:11.252893,00cf978f,TEST,INFO,E20,N/A,msg
2026-04-27T20:36:11.254244,4ac19785,TEST,INFO,E21,N/A,msg
2026-04-27T20:36:11.255267,2cb4b65a,TEST,INFO,E22,N/A,msg
2026-04-27T20:36:11.256365,893de170,TEST,INFO,E23,N/A,msg
2026-04-27T20:36:11.257531,2dbc396b,TEST,INFO,E24,N/A,msg
2026-04-27T20:36:11.258537,4572ac07,TEST,INFO,E25,N/A,msg
2026-04-27T20:36:11.259990,e9db3d17,TEST,INFO,E26,N/A,msg
2026-04-27T20:36:11.262117,add49a44,TEST,INFO,E27,N/A,msg
2026-04-27T20:36:11.263549,dcd9fbf8,TEST,INFO,E28,N/A,msg
2026-04-27T20:36:11.265483,8807ea8a,TEST,INFO,E29,N/A,msg
2026-04-27T20:36:11.266640,235f2e77,TEST,INFO,E30,N/A,msg
2026-04-27T20:36:11.267713,16f0226b,TEST,INFO,E31,N/A,msg
2026-04-27T20:36:11.268925,3ac5454b,TEST,INFO,E32,N/A,msg
2026-04-27T20:36:11.270401,0332ed09,TEST,INFO,E33,N/A,msg
2026-04-27T20:36:11.271470,0eaf1b34,TEST,INFO,E34,N/A,msg
2026-04-27T20:36:11.273443,c6774b13,TEST,INFO,E35,N/A,msg
2026-04-27T20:36:11.274397,3622a756,TEST,INFO,E36,N/A,msg
2026-04-27T20:36:11.275946,43b92bee,TEST,INFO,E37,N/A,msg
2026-04-27T20:36:11.278161,6d476c8c,TEST,INFO,E38,N/A,msg
2026-04-27T20:36:11.279831,38895acb,TEST,INFO,E39,N/A,msg
2026-04-27T20:36:11.281130,4586e129,TEST,INFO,E40,N/A,msg
2026-04-27T20:36:11.282193,2fca5103,TEST,INFO,E41,N/A,msg
2026-04-27T20:36:11.283490,3c0cffde,TEST,INFO,E42,N/A,msg
2026-04-27T20:36:11.284652,cc7a06a2,TEST,INFO,E43,N/A,msg
2026-04-27T20:36:11.285687,980a0512,TEST,INFO,E44,N/A,msg
2026-04-27T20:36:11.286732,7740bacc,TEST,INFO,E45,N/A,msg
2026-04-27T20:36:11.287956,64d088b9,TEST,INFO,E46,N/A,msg
2026-04-27T20:36:11.289614,49f60ea2,TEST,INFO,E47,N/A,msg
2026-04-27T20:36:11.290566,db12c935,TEST,INFO,E48,N/A,msg
2026-04-27T20:36:11.291455,3c0299c8,TEST,INFO,E49,N/A,msg
2026-04-27T20:36:11.294275,ac3096b6,TEST,INFO,E50,N/A,msg
2026-04-27T20:36:11.295810,9509ffee,TEST,INFO,E51,N/A,msg
2026-04-27T20:36:11.297656,ccf3de38,TEST,INFO,E52,N/A,msg
2026-04-27T20:36:11.299087,7cabddd1,TEST,INFO,E53,N/A,msg
2026-04-27T20:36:11.300153,978e1d51,TEST,INFO,E54,N/A,msg
2026-04-27T20:36:11.301382,cdcd930f,TEST,INFO,E55,N/A,msg
2026-04-27T20:36:11.302358,229fb432,TEST,INFO,E56,N/A,msg
2026-04-27T20:36:11.303995,78b342a2,TEST,INFO,E57,N/A,msg
2026-04-27T20:36:11.305656,15d04098,TEST,INFO,E58,N/A,msg
2026-04-27T20:36:11.306812,4ecf4b4b,TEST,INFO,E59,N/A,msg
2026-04-27T20:36:11.308196,9c0b3d53,TEST,INFO,E60,N/A,msg
2026-04-27T20:36:11.309601,cb435b84,TEST,INFO,E61,N/A,msg
2026-04-27T20:36:11.311708,9447d83b,TEST,INFO,E62,N/A,msg
2026-04-27T20:36:11.313032,ac124c5a,TEST,INFO,E63,N/A,msg
2026-04-27T20:36:11.314308,1abaa7c7,TEST,INFO,E64,N/A,msg
2026-04-27T20:36:11.315619,8cb6e61a,TEST,INFO,E65,N/A,msg
2026-04-27T20:36:11.316932,6d8346c3,TEST,INFO,E66,N/A,msg
2026-04-27T20:36:11.317935,c8d4803c,TEST,INFO,E67,N/A,msg
2026-04-27T20:36:11.319107,c2a02d0e,TEST,INFO,E68,N/A,msg
2026-04-27T20:36:11.320124,d52b846a,TEST,INFO,E69,N/A,msg
2026-04-27T20:36:11.321348,e4de8730,TEST,INFO,E70,N/A,msg
2026-04-27T20:36:11.322513,4ebb1837,TEST,INFO,E71,N/A,msg
2026-04-27T20:36:11.323686,816596c6,TEST,INFO,E72,N/A,msg
2026-04-27T20:36:11.324640,e7c33d4a,TEST,INFO,E73,N/A,msg
2026-04-27T20:36:11.326150,13a9f7eb,TEST,INFO,E74,N/A,msg
2026-04-27T20:36:11.328035,7e3587f6,TEST,INFO,E75,N/A,msg
2026-04-27T20:36:11.329240,0a2b445a,TEST,INFO,E76,N/A,msg
2026-04-27T20:36:11.331160,e999bdc5,TEST,INFO,E77,N/A,msg
2026-04-27T20:36:11.332696,f925e2e7,TEST,INFO,E78,N/A,msg
2026-04-27T20:36:11.333881,02111cd7,TEST,INFO,E79,N/A,msg
2026-04-27T20:36:11.335112,cc4c79f6,TEST,INFO,E80,N/A,msg
2026-04-27T20:36:11.336235,3bc790e9,TEST,INFO,E81,N/A,msg
2026-04-27T20:36:11.337770,999d733a,TEST,INFO,E82,N/A,msg
2026-04-27T20:36:11.339024,0162e98a,TEST,INFO,E83,N/A,msg
2026-04-27T20:36:11.339981,a54680d3,TEST,INFO,E84,N/A,msg
2026-04-27T20:36:11.341044,9550f681,TEST,INFO,E85,N/A,msg
2026-04-27T20:36:11.342345,0b4aa3ea,TEST,INFO,E86,N/A,msg
2026-04-27T20:36:11.345058,9e97686c,TEST,INFO,E87,N/A,msg
2026-04-27T20:36:11.346634,ef0705f2,TEST,INFO,E88,N/A,msg
2026-04-27T20:36:11.348001,f8d53eb5,TEST,INFO,E89,N/A,msg
2026-04-27T20:36:11.349506,64b80167,TEST,INFO,E90,N/A,msg
2026-04-27T20:36:11.350714,27ea66c0,TEST,INFO,E91,N/A,msg
2026-04-27T20:36:11.351816,8aabca39,TEST,INFO,E92,N/A,msg
2026-04-27T20:36:11.353147,13badbc7,TEST,INFO,E93,N/A,msg
2026-04-27T20:36:11.354152,e07335d2,TEST,INFO,E94,N/A,msg
2026-04-27T20:36:11.355425,954b4731,TEST,INFO,E95,N/A,msg
2026-04-27T20:36:11.356663,1b18b0e5,TEST,INFO,E96,N/A,msg
2026-04-27T20:36:11.357957,1bed77d9,TEST,INFO,E97,N/A,msg
2026-04-27T20:36:11.359230,f7f77308,TEST,INFO,E98,N/A,msg
2026-04-27T20:36:11.361772,1afa6dfb,TEST,INFO,E99,N/A,msg
2026-04-27T20:36:11.363153,467b861d,TEST,INFO,E100,N/A,msg
2026-04-27T20:36:11.365229,4f6e1e50,TEST,INFO,E101,N/A,msg
2026-04-27T20:36:11.366690,ba6a955a,TEST,INFO,E102,N/A,msg
2026-04-27T20:36:11.367895,28bb2cfc,TEST,INFO,E103,N/A,msg
2026-04-27T20:36:11.369066,2aea4daf,TEST,INFO,E104,N/A,msg
2026-04-27T20:36:11.370610,8de43e10,TEST,INFO,E105,N/A,msg
2026-04-27T20:36:11.371888,72121866,TEST,INFO,E106,N/A,msg
2026-04-27T20:36:11.374099,3c47ee51,TEST,INFO,E107,N/A,msg
2026-04-27T20:36:11.375993,d56ef09a,TEST,INFO,E108,N/A,msg
2026-04-27T20:36:11.378004,6c239aa7,TEST,INFO,E109,N/A,msg
2026-04-27T20:36:11.379637,118cae25,TEST,INFO,E110,N/A,msg
2026-04-27T20:36:11.381478,6e3db063,TEST,INFO,E111,N/A,msg
2026-04-27T20:36:11.383271,e462bb5c,TEST,INFO,E112,N/A,msg
2026-04-27T20:36:11.384687,386cadf7,TEST,INFO,E113,N/A,msg
2026-04-27T20:36:11.385834,89121f02,TEST,INFO,E114,N/A,msg
2026-04-27T20:36:11.387392,95ec6c95,TEST,INFO,E115,N/A,msg
2026-04-27T20:36:11.388479,2dc81520,TEST,INFO,E116,N/A,msg
2026-04-27T20:36:11.389737,461a6f6f,TEST,INFO,E117,N/A,msg
2026-04-27T20:36:11.390878,7219c573,TEST,INFO,E118,N/A,msg
2026-04-27T20:36:11.392278,100cc3ac,TEST,INFO,E119,N/A,msg
2026-04-27T20:36:11.394267,f686be03,TEST,INFO,E120,N/A,msg
2026-04-27T20:36:11.395830,0045ba14,TEST,INFO,E121,N/A,msg
2026-04-27T20:36:11.397116,9ab294f6,TEST,INFO,E122,N/A,msg
2026-04-27T20:36:11.399349,d3353053,TEST,INFO,E123,N/A,msg
2026-04-27T20:36:11.401082,3d635302,TEST,INFO,E124,N/A,msg
2026-04-27T20:36:11.402269,1a080e37,TEST,INFO,E125,N/A,msg
2026-04-27T20:36:11.403827,5675fbe6,TEST,INFO,E126,N/A,msg
2026-04-27T20:36:11.405084,b5376e9e,TEST,INFO,E127,N/A,msg
2026-04-27T20:36:11.406556,89e20991,TEST,INFO,E128,N/A,msg
2026-04-27T20:36:11.408223,fb2a232a,TEST,INFO,E129,N/A,msg
2026-04-27T20:36:11.410264,04ff7a67,TEST,INFO,E130,N/A,msg
2026-04-27T20:36:11.412193,87c30429,TEST,INFO,E131,N/A,msg
2026-04-27T20:36:11.413727,48788a87,TEST,INFO,E132,N/A,msg
2026-04-27T20:36:11.414949,da622b56,TEST,INFO,E133,N/A,msg
2026-04-27T20:36:11.416150,7fe54ffa,TEST,INFO,E134,N/A,msg
2026-04-27T20:36:11.417286,d1938673,TEST,INFO,E135,N/A,msg
2026-04-27T20:36:11.418499,9f281ecb,TEST,INFO,E136,N/A,msg
2026-04-27T20:36:11.419729,2450f79d,TEST,INFO,E137,N/A,msg
2026-04-27T20:36:11.420821,ce5cbc89,TEST,INFO,E138,N/A,msg
2026-04-27T20:36:11.421844,444488ab,TEST,INFO,E139,N/A,msg
2026-04-27T20:36:11.423131,33dd6c61,TEST,INFO,E140,N/A,msg
2026-04-27T20:36:11.424495,371de056,TEST,INFO,E141,N/A,msg
2026-04-27T20:36:11.425797,4bb4d539,TEST,INFO,E142,N/A,msg
2026-04-27T20:36:11.428155,d1dea05a,TEST,INFO,E143,N/A,msg
2026-04-27T20:36:11.429584,24ed5949,TEST,INFO,E144,N/A,msg
2026-04-27T20:36:11.431529,6e5d1762,TEST,INFO,E145,N/A,msg
2026-04-27T20:36:11.433161,5fd2ec0b,TEST,INFO,E146,N/A,msg
2026-04-27T20:36:11.434739,0bc14367,TEST,INFO,E147,N/A,msg
2026-04-27T20:36:11.436136,c4373986,TEST,INFO,E148,N/A,msg
2026-04-27T20:36:11.437711,bf1b0f3c,TEST,INFO,E149,N/A,msg
2026-04-27T20:36:11.440425,696642a7,CERT,WARNING,sap-prod.company.com,N/A,Certificate MANUAL_EXPIRE - sap-prod.company.com set to expire soon.
2026-04-27T20:36:11.449594,6eda9a5f,AGENT,INFO,SYSTEM,WORKING,Agent action registered.
